-- phpMyAdmin SQL Dump
-- version 5.2.1
-- https://www.phpmyadmin.net/
--
-- Host: 127.0.0.1
-- Generation Time: Mar 14, 2026 at 06:38 AM
-- Server version: 10.4.32-MariaDB
-- PHP Version: 8.2.12

SET SQL_MODE = "NO_AUTO_VALUE_ON_ZERO";
START TRANSACTION;
SET time_zone = "+00:00";


/*!40101 SET @OLD_CHARACTER_SET_CLIENT=@@CHARACTER_SET_CLIENT */;
/*!40101 SET @OLD_CHARACTER_SET_RESULTS=@@CHARACTER_SET_RESULTS */;
/*!40101 SET @OLD_COLLATION_CONNECTION=@@COLLATION_CONNECTION */;
/*!40101 SET NAMES utf8mb4 */;

--
-- Database: `hotel_management_system`
--

-- --------------------------------------------------------

--
-- Table structure for table `guests`
--

CREATE TABLE `guests` (
  `id` int(11) NOT NULL,
  `first_name` varchar(100) NOT NULL,
  `last_name` varchar(100) NOT NULL,
  `phone` varchar(20) DEFAULT NULL,
  `email` varchar(100) DEFAULT NULL,
  `address` text DEFAULT NULL
) ENGINE=InnoDB DEFAULT CHARSET=utf8mb4 COLLATE=utf8mb4_general_ci;

-- --------------------------------------------------------

--
-- Table structure for table `payments`
--

CREATE TABLE `payments` (
  `id` int(11) NOT NULL,
  `reservation_id` int(11) DEFAULT NULL,
  `amount` decimal(10,2) NOT NULL,
  `payment_method` varchar(50) DEFAULT NULL,
  `payment_date` timestamp NOT NULL DEFAULT current_timestamp(),
  `status` varchar(50) DEFAULT NULL
) ENGINE=InnoDB DEFAULT CHARSET=utf8mb4 COLLATE=utf8mb4_general_ci;

-- --------------------------------------------------------

--
-- Table structure for table `reservations`
--

CREATE TABLE `reservations` (
  `id` int(11) NOT NULL,
  `guest_id` int(11) NOT NULL,
  `room_id` int(11) NOT NULL,
  `check_in_date` date NOT NULL,
  `check_out_date` date NOT NULL,
  `status` varchar(50) DEFAULT 'Booked',
  `total_amount` decimal(10,2) DEFAULT NULL,
  `created_at` timestamp NOT NULL DEFAULT current_timestamp()
) ENGINE=InnoDB DEFAULT CHARSET=utf8mb4 COLLATE=utf8mb4_general_ci;

-- --------------------------------------------------------

--
-- Table structure for table `roles`
--

CREATE TABLE `roles` (
  `id` int(11) NOT NULL,
  `name` varchar(50) NOT NULL
) ENGINE=InnoDB DEFAULT CHARSET=utf8mb4 COLLATE=utf8mb4_general_ci;

--
-- Dumping data for table `roles`
--

INSERT INTO `roles` (`id`, `name`) VALUES
(1, 'Admin'),
(2, 'Receptionist'),
(3, 'Manager');

-- --------------------------------------------------------

--
-- Table structure for table `rooms`
--

CREATE TABLE `rooms` (
  `id` int(11) NOT NULL,
  `room_number` varchar(10) NOT NULL,
  `room_type_id` int(11) DEFAULT NULL,
  `status` varchar(50) DEFAULT 'Available',
  `floor` int(11) DEFAULT NULL
) ENGINE=InnoDB DEFAULT CHARSET=utf8mb4 COLLATE=utf8mb4_general_ci;

--
-- Dumping data for table `rooms`
--

INSERT INTO `rooms` (`id`, `room_number`, `room_type_id`, `status`, `floor`) VALUES
(1, '101', 1, 'Available', 1),
(2, '102', 1, 'Available', 1),
(3, '103', 1, 'Available', 1),
(4, '201', 2, 'Available', 2),
(5, '202', 2, 'Available', 2),
(6, '203', 2, 'Available', 2),
(7, '301', 3, 'Available', 3),
(8, '302', 3, 'Available', 3);

-- --------------------------------------------------------

--
-- Table structure for table `room_types`
--

CREATE TABLE `room_types` (
  `id` int(11) NOT NULL,
  `name` varchar(100) NOT NULL,
  `base_price` decimal(10,2) NOT NULL,
  `description` text DEFAULT NULL
) ENGINE=InnoDB DEFAULT CHARSET=utf8mb4 COLLATE=utf8mb4_general_ci;

--
-- Dumping data for table `room_types`
--

INSERT INTO `room_types` (`id`, `name`, `base_price`, `description`) VALUES
(1, 'Standard', 1500.00, 'Basic comfortable room'),
(2, 'Deluxe', 2500.00, 'Larger room with better view'),
(3, 'Suite', 5000.00, 'Premium suite with living area');

-- --------------------------------------------------------

--
-- Table structure for table `system_configurations`
--

CREATE TABLE `system_configurations` (
  `id` int(11) NOT NULL,
  `config_key` varchar(100) NOT NULL,
  `config_value` varchar(255) NOT NULL
) ENGINE=InnoDB DEFAULT CHARSET=utf8mb4 COLLATE=utf8mb4_general_ci;

--
-- Dumping data for table `system_configurations`
--

INSERT INTO `system_configurations` (`id`, `config_key`, `config_value`) VALUES
(1, 'tax_rate_percent', '12'),
(2, 'max_stay_nights', '30'),
(3, 'cancellation_fee_percent', '10'),
(4, 'hotel_name', 'My Hotel'),
(5, 'default_currency', 'PHP');

-- --------------------------------------------------------

--
-- Table structure for table `users`
--

CREATE TABLE `users` (
  `id` int(11) NOT NULL,
  `name` varchar(100) NOT NULL,
  `email` varchar(100) NOT NULL,
  `password` varchar(255) NOT NULL,
  `role_id` int(11) DEFAULT NULL,
  `created_at` timestamp NOT NULL DEFAULT current_timestamp()
) ENGINE=InnoDB DEFAULT CHARSET=utf8mb4 COLLATE=utf8mb4_general_ci;

--
-- Dumping data for table `users`
--

INSERT INTO `users` (`id`, `name`, `email`, `password`, `role_id`, `created_at`) VALUES
(1, 'John Carlo', 'johncarlo@hotel.com', '$2b$10$/7ciYdNQIzarJ3GcVjngI.ZbribNwvb84HzN98uXNqjc7boV1OUHu', 1, '2026-03-14 05:13:52'),
(6, 'Carl Ian', 'carlian@hotel.com', '$2b$10$/63XYFj5PHeGFuUWzxFZfeTfMfQjZKUgi7SwzYBA5adxy8xpJxCDS', 2, '2026-03-14 05:14:43'),
(7, 'Sherwin', 'sherwin@hotel.com', '$2b$10$ZMahnYHA6yC.254oYct8/OcXbYC5yeqAv.y2rG.Mbtz1pU1q4Rd9K', 3, '2026-03-14 05:16:11');

--
-- Indexes for dumped tables
--

--
-- Indexes for table `guests`
--
ALTER TABLE `guests`
  ADD PRIMARY KEY (`id`);

--
-- Indexes for table `payments`
--
ALTER TABLE `payments`
  ADD PRIMARY KEY (`id`),
  ADD KEY `reservation_id` (`reservation_id`);

--
-- Indexes for table `reservations`
--
ALTER TABLE `reservations`
  ADD PRIMARY KEY (`id`),
  ADD KEY `guest_id` (`guest_id`),
  ADD KEY `room_id` (`room_id`),
  ADD KEY `idx_reservation_dates` (`check_in_date`,`check_out_date`),
  ADD KEY `idx_reservation_status` (`status`);

--
-- Indexes for table `roles`
--
ALTER TABLE `roles`
  ADD PRIMARY KEY (`id`);

--
-- Indexes for table `rooms`
--
ALTER TABLE `rooms`
  ADD PRIMARY KEY (`id`),
  ADD KEY `room_type_id` (`room_type_id`);

--
-- Indexes for table `room_types`
--
ALTER TABLE `room_types`
  ADD PRIMARY KEY (`id`);

--
-- Indexes for table `system_configurations`
--
ALTER TABLE `system_configurations`
  ADD PRIMARY KEY (`id`),
  ADD UNIQUE KEY `config_key` (`config_key`);

--
-- Indexes for table `users`
--
ALTER TABLE `users`
  ADD PRIMARY KEY (`id`),
  ADD UNIQUE KEY `email` (`email`),
  ADD KEY `role_id` (`role_id`);

--
-- AUTO_INCREMENT for dumped tables
--

--
-- AUTO_INCREMENT for table `guests`
--
ALTER TABLE `guests`
  MODIFY `id` int(11) NOT NULL AUTO_INCREMENT;

--
-- AUTO_INCREMENT for table `payments`
--
ALTER TABLE `payments`
  MODIFY `id` int(11) NOT NULL AUTO_INCREMENT;

--
-- AUTO_INCREMENT for table `reservations`
--
ALTER TABLE `reservations`
  MODIFY `id` int(11) NOT NULL AUTO_INCREMENT;

--
-- AUTO_INCREMENT for table `roles`
--
ALTER TABLE `roles`
  MODIFY `id` int(11) NOT NULL AUTO_INCREMENT, AUTO_INCREMENT=4;

--
-- AUTO_INCREMENT for table `rooms`
--
ALTER TABLE `rooms`
  MODIFY `id` int(11) NOT NULL AUTO_INCREMENT, AUTO_INCREMENT=9;

--
-- AUTO_INCREMENT for table `room_types`
--
ALTER TABLE `room_types`
  MODIFY `id` int(11) NOT NULL AUTO_INCREMENT, AUTO_INCREMENT=4;

--
-- AUTO_INCREMENT for table `system_configurations`
--
ALTER TABLE `system_configurations`
  MODIFY `id` int(11) NOT NULL AUTO_INCREMENT, AUTO_INCREMENT=6;

--
-- AUTO_INCREMENT for table `users`
--
ALTER TABLE `users`
  MODIFY `id` int(11) NOT NULL AUTO_INCREMENT, AUTO_INCREMENT=8;

--
-- Constraints for dumped tables
--

--
-- Constraints for table `payments`
--
ALTER TABLE `payments`
  ADD CONSTRAINT `payments_ibfk_1` FOREIGN KEY (`reservation_id`) REFERENCES `reservations` (`id`);

--
-- Constraints for table `reservations`
--
ALTER TABLE `reservations`
  ADD CONSTRAINT `reservations_ibfk_1` FOREIGN KEY (`guest_id`) REFERENCES `guests` (`id`),
  ADD CONSTRAINT `reservations_ibfk_2` FOREIGN KEY (`room_id`) REFERENCES `rooms` (`id`);

--
-- Constraints for table `rooms`
--
ALTER TABLE `rooms`
  ADD CONSTRAINT `rooms_ibfk_1` FOREIGN KEY (`room_type_id`) REFERENCES `room_types` (`id`);

--
-- Constraints for table `users`
--
ALTER TABLE `users`
  ADD CONSTRAINT `users_ibfk_1` FOREIGN KEY (`role_id`) REFERENCES `roles` (`id`);
COMMIT;

/*!40101 SET CHARACTER_SET_CLIENT=@OLD_CHARACTER_SET_CLIENT */;
/*!40101 SET CHARACTER_SET_RESULTS=@OLD_CHARACTER_SET_RESULTS */;
/*!40101 SET COLLATION_CONNECTION=@OLD_COLLATION_CONNECTION */;
